Workbook

Sheet Classifica
A1: TROFEO OVALMO | K1: Serie A 2026/27
A3: Classifica aggiornata in automatico - non serve toccare nulla in questo foglio
B5: 1o POSTO | E5: 2o POSTO | H5: 3o POSTO | K5: Giornate completate | L5: =COUNTIF($B$33:$B$40,"Completata")
B6: =IFERROR(INDEX($B$12:$B$16,MATCH(1,$A$12:$A$16,0))&IF(COUNTIF($A$12:$A$16,1)>1," (a pari)",""),"-") | E6: =IFERROR(INDEX($B$12:$B$16,MATCH(2,$A$12:$A$16,0))&IF(COUNTIF($A$12:$A$16,2)>1," (a pari)",""),"-") | H6: =IFERROR(INDEX($B$12:$B$16,MATCH(3,$A$12:$A$16,0))&IF(COUNTIF($A$12:$A$16,3)>1," (a pari)",""),"-") | K6: Giornate iniziate | L6: =COUNTIF($B$33:$B$40,"Completata")+COUNTIF($B$33:$B$40,"In corso")
B7: =IFERROR(INDEX($C$12:$C$16,MATCH(1,$A$12:$A$16,0))&" punti","") | E7: =IFERROR(INDEX($C$12:$C$16,MATCH(2,$A$12:$A$16,0))&" punti","") | H7: =IFERROR(INDEX($C$12:$C$16,MATCH(3,$A$12:$A$16,0))&" punti","") | K7: Ultima completata | L7: =IF($L$5=0,"-",SUMPRODUCT(MAX(($B$33:$B$40="Completata")*$A$33:$A$40)))
K8: Prossima da giocare | L8: =IF(SUMPRODUCT(MIN(($B$33:$B$40<>"Completata")*$A$33:$A$40+($B$33:$B$40="Completata")*999))>=999,"-",SUMPRODUCT(MIN(($B$33:$B$40<>"Completata")*$A$33:$A$40+($B$33:$B$40="Completata")*999)))
A10: CLASSIFICA GENERALE
A11: Pos | B11: Giocatore | C11: Punti | D11: Segni presi | E11: Risultati esatti | F11: Pronostici inviati | G11: Media / giornata | H11: Giornate vinte
A12: =SUMPRODUCT((($C$12:$C$16*1000+$E$12:$E$16)>($C12*1000+$E12))*1)+1 | B12: =Config!$A$6 | C12: =SUM(Punti!$D$3:$D$82) | D12: =COUNTIF(Punti!$D$3:$D$82,Config!$D$7)+COUNTIF(Punti!$D$3:$D$82,Config!$D$6) | E12: =COUNTIF(Punti!$D$3:$D$82,Config!$D$6) | F12: =SUMPRODUCT(((Pronostici!$E$3:$E$82<>"")+(Pronostici!$F$3:$F$82<>""))*1>0) | G12: =IF($L$6=0,0,$C12/$L$6) | H12: =SUMPRODUCT(($C$33:$C$40=$H$33:$H$40)*($H$33:$H$40>0)*($B$33:$B$40="Completata"))
A13: =SUMPRODUCT((($C$12:$C$16*1000+$E$12:$E$16)>($C13*1000+$E13))*1)+1 | B13: =Config!$A$7 | C13: =SUM(Punti!$E$3:$E$82) | D13: =COUNTIF(Punti!$E$3:$E$82,Config!$D$7)+COUNTIF(Punti!$E$3:$E$82,Config!$D$6) | E13: =COUNTIF(Punti!$E$3:$E$82,Config!$D$6) | F13: =SUMPRODUCT(((Pronostici!$H$3:$H$82<>"")+(Pronostici!$I$3:$I$82<>""))*1>0) | G13: =IF($L$6=0,0,$C13/$L$6) | H13: =SUMPRODUCT(($D$33:$D$40=$H$33:$H$40)*($H$33:$H$40>0)*($B$33:$B$40="Completata"))
A14: =SUMPRODUCT((($C$12:$C$16*1000+$E$12:$E$16)>($C14*1000+$E14))*1)+1 | B14: =Config!$A$8 | C14: =SUM(Punti!$F$3:$F$82) | D14: =COUNTIF(Punti!$F$3:$F$82,Config!$D$7)+COUNTIF(Punti!$F$3:$F$82,Config!$D$6) | E14: =COUNTIF(Punti!$F$3:$F$82,Config!$D$6) | F14: =SUMPRODUCT(((Pronostici!$K$3:$K$82<>"")+(Pronostici!$L$3:$L$82<>""))*1>0) | G14: =IF($L$6=0,0,$C14/$L$6) | H14: =SUMPRODUCT(($E$33:$E$40=$H$33:$H$40)*($H$33:$H$40>0)*($B$33:$B$40="Completata"))
A15: =SUMPRODUCT((($C$12:$C$16*1000+$E$12:$E$16)>($C15*1000+$E15))*1)+1 | B15: =Config!$A$9 | C15: =SUM(Punti!$G$3:$G$82) | D15: =COUNTIF(Punti!$G$3:$G$82,Config!$D$7)+COUNTIF(Punti!$G$3:$G$82,Config!$D$6) | E15: =COUNTIF(Punti!$G$3:$G$82,Config!$D$6) | F15: =SUMPRODUCT(((Pronostici!$N$3:$N$82<>"")+(Pronostici!$O$3:$O$82<>""))*1>0) | G15: =IF($L$6=0,0,$C15/$L$6) | H15: =SUMPRODUCT(($F$33:$F$40=$H$33:$H$40)*($H$33:$H$40>0)*($B$33:$B$40="Completata"))
A16: =SUMPRODUCT((($C$12:$C$16*1000+$E$12:$E$16)>($C16*1000+$E16))*1)+1 | B16: =Config!$A$10 | C16: =SUM(Punti!$H$3:$H$82) | D16: =COUNTIF(Punti!$H$3:$H$82,Config!$D$7)+COUNTIF(Punti!$H$3:$H$82,Config!$D$6) | E16: =COUNTIF(Punti!$H$3:$H$82,Config!$D$6) | F16: =SUMPRODUCT(((Pronostici!$Q$3:$Q$82<>"")+(Pronostici!$R$3:$R$82<>""))*1>0) | G16: =IF($L$6=0,0,$C16/$L$6) | H16: =SUMPRODUCT(($G$33:$G$40=$H$33:$H$40)*($H$33:$H$40>0)*($B$33:$B$40="Completata"))
A17: A parita' di punti passa avanti chi ha piu' risultati esatti. Le giornate vinte contano solo quelle completate.
A18: ULTIMA GIORNATA COMPLETATA | C18: =IF($L$7="-","nessuna ancora","Giornata "&$L$7) | K18: PROSSIMA GIORNATA
B19: Giocatore | C19: Punti | K19: =IF($L$8="-","Stagione completata","Giornata "&$L$8&" - partite da pronosticare") | N19: Pronostici | O19: ok
B20: =Config!$A$6 | C20: =IF($L$7="-","-",IFERROR(INDEX($C$33:$C$40,MATCH($L$7,$A$33:$A$40,0)),"-")) | D20: =IF($L$7="-","",IF(IFERROR(INDEX($C$33:$C$40,MATCH($L$7,$A$33:$A$40,0)),0)=IFERROR(INDEX($H$33:$H$40,MATCH($L$7,$A$33:$A$40,0)),-1),"RE DELLA GIORNATA","")) | K20: =IFERROR(INDEX(Partite!$E$3:$E$82,MATCH("G"&TEXT($L$8,"00")&"-"&TEXT(1,"00"),Partite!$A$3:$A$82,0))&" - "&INDEX(Partite!$F$3:$F$82,MATCH("G"&TEXT($L$8,"00")&"-"&TEXT(1,"00"),Partite!$A$3:$A$82,0)),"-") | N20: =Config!$A$6 | O20: =IF($L$8="-","-",SUMPRODUCT((Pronostici!$B$3:$B$82=$L$8)*(((Pronostici!$E$3:$E$82<>"")+(Pronostici!$F$3:$F$82<>""))>0))&"/10")
B21: =Config!$A$7 | C21: =IF($L$7="-","-",IFERROR(INDEX($D$33:$D$40,MATCH($L$7,$A$33:$A$40,0)),"-")) | D21: =IF($L$7="-","",IF(IFERROR(INDEX($D$33:$D$40,MATCH($L$7,$A$33:$A$40,0)),0)=IFERROR(INDEX($H$33:$H$40,MATCH($L$7,$A$33:$A$40,0)),-1),"RE DELLA GIORNATA","")) | K21: =IFERROR(INDEX(Partite!$E$3:$E$82,MATCH("G"&TEXT($L$8,"00")&"-"&TEXT(2,"00"),Partite!$A$3:$A$82,0))&" - "&INDEX(Partite!$F$3:$F$82,MATCH("G"&TEXT($L$8,"00")&"-"&TEXT(2,"00"),Partite!$A$3:$A$82,0)),"-") | N21: =Config!$A$7 | O21: =IF($L$8="-","-",SUMPRODUCT((Pronostici!$B$3:$B$82=$L$8)*(((Pronostici!$H$3:$H$82<>"")+(Pronostici!$I$3:$I$82<>""))>0))&"/10")
B22: =Config!$A$8 | C22: =IF($L$7="-","-",IFERROR(INDEX($E$33:$E$40,MATCH($L$7,$A$33:$A$40,0)),"-")) | D22: =IF($L$7="-","",IF(IFERROR(INDEX($E$33:$E$40,MATCH($L$7,$A$33:$A$40,0)),0)=IFERROR(INDEX($H$33:$H$40,MATCH($L$7,$A$33:$A$40,0)),-1),"RE DELLA GIORNATA","")) | K22: =IFERROR(INDEX(Partite!$E$3:$E$82,MATCH("G"&TEXT($L$8,"00")&"-"&TEXT(3,"00"),Partite!$A$3:$A$82,0))&" - "&INDEX(Partite!$F$3:$F$82,MATCH("G"&TEXT($L$8,"00")&"-"&TEXT(3,"00"),Partite!$A$3:$A$82,0)),"-") | N22: =Config!$A$8 | O22: =IF($L$8="-","-",SUMPRODUCT((Pronostici!$B$3:$B$82=$L$8)*(((Pronostici!$K$3:$K$82<>"")+(Pronostici!$L$3:$L$82<>""))>0))&"/10")
B23: =Config!$A$9 | C23: =IF($L$7="-","-",IFERROR(INDEX($F$33:$F$40,MATCH($L$7,$A$33:$A$40,0)),"-")) | D23: =IF($L$7="-","",IF(IFERROR(INDEX($F$33:$F$40,MATCH($L$7,$A$33:$A$40,0)),0)=IFERROR(INDEX($H$33:$H$40,MATCH($L$7,$A$33:$A$40,0)),-1),"RE DELLA GIORNATA","")) | K23: =IFERROR(INDEX(Partite!$E$3:$E$82,MATCH("G"&TEXT($L$8,"00")&"-"&TEXT(4,"00"),Partite!$A$3:$A$82,0))&" - "&INDEX(Partite!$F$3:$F$82,MATCH("G"&TEXT($L$8,"00")&"-"&TEXT(4,"00"),Partite!$A$3:$A$82,0)),"-") | N23: =Config!$A$9 | O23: =IF($L$8="-","-",SUMPRODUCT((Pronostici!$B$3:$B$82=$L$8)*(((Pronostici!$N$3:$N$82<>"")+(Pronostici!$O$3:$O$82<>""))>0))&"/10")
B24: =Config!$A$10 | C24: =IF($L$7="-","-",IFERROR(INDEX($G$33:$G$40,MATCH($L$7,$A$33:$A$40,0)),"-")) | D24: =IF($L$7="-","",IF(IFERROR(INDEX($G$33:$G$40,MATCH($L$7,$A$33:$A$40,0)),0)=IFERROR(INDEX($H$33:$H$40,MATCH($L$7,$A$33:$A$40,0)),-1),"RE DELLA GIORNATA","")) | K24: =IFERROR(INDEX(Partite!$E$3:$E$82,MATCH("G"&TEXT($L$8,"00")&"-"&TEXT(5,"00"),Partite!$A$3:$A$82,0))&" - "&INDEX(Partite!$F$3:$F$82,MATCH("G"&TEXT($L$8,"00")&"-"&TEXT(5,"00"),Partite!$A$3:$A$82,0)),"-") | N24: =Config!$A$10 | O24: =IF($L$8="-","-",SUMPRODUCT((Pronostici!$B$3:$B$82=$L$8)*(((Pronostici!$Q$3:$Q$82<>"")+(Pronostici!$R$3:$R$82<>""))>0))&"/10")
K25: =IFERROR(INDEX(Partite!$E$3:$E$82,MATCH("G"&TEXT($L$8,"00")&"-"&TEXT(6,"00"),Partite!$A$3:$A$82,0))&" - "&INDEX(Partite!$F$3:$F$82,MATCH("G"&TEXT($L$8,"00")&"-"&TEXT(6,"00"),Partite!$A$3:$A$82,0)),"-") | N25: chi e' sotto 10 non ha finito
K26: =IFERROR(INDEX(Partite!$E$3:$E$82,MATCH("G"&TEXT($L$8,"00")&"-"&TEXT(7,"00"),Partite!$A$3:$A$82,0))&" - "&INDEX(Partite!$F$3:$F$82,MATCH("G"&TEXT($L$8,"00")&"-"&TEXT(7,"00"),Partite!$A$3:$A$82,0)),"-")
K27: =IFERROR(INDEX(Partite!$E$3:$E$82,MATCH("G"&TEXT($L$8,"00")&"-"&TEXT(8,"00"),Partite!$A$3:$A$82,0))&" - "&INDEX(Partite!$F$3:$F$82,MATCH("G"&TEXT($L$8,"00")&"-"&TEXT(8,"00"),Partite!$A$3:$A$82,0)),"-")
K28: =IFERROR(INDEX(Partite!$E$3:$E$82,MATCH("G"&TEXT($L$8,"00")&"-"&TEXT(9,"00"),Partite!$A$3:$A$82,0))&" - "&INDEX(Partite!$F$3:$F$82,MATCH("G"&TEXT($L$8,"00")&"-"&TEXT(9,"00"),Partite!$A$3:$A$82,0)),"-")
K29: =IFERROR(INDEX(Partite!$E$3:$E$82,MATCH("G"&TEXT($L$8,"00")&"-"&TEXT(10,"00"),Partite!$A$3:$A$82,0))&" - "&INDEX(Partite!$F$3:$F$82,MATCH("G"&TEXT($L$8,"00")&"-"&TEXT(10,"00"),Partite!$A$3:$A$82,0)),"-")
A31: PUNTI PER GIORNATA
A32: G. | B32: Stato | C32: =Config!$A$6 | D32: =Config!$A$7 | E32: =Config!$A$8 | F32: =Config!$A$9 | G32: =Config!$A$10 | H32: Max | I32: Re della giornata | Q32: cumulati | R32: =Config!$A$6 | S32: =Config!$A$7 | T32: =Config!$A$8 | U32: =Config!$A$9 | V32: =Config!$A$10
A33: 2 | B33: =IF(COUNTIFS(Partite!$B$3:$B$82,$A33,Partite!$E$3:$E$82,"<>")=0,"Calendario mancante",IF(COUNTIFS(Partite!$B$3:$B$82,$A33,Partite!$K$3:$K$82,"Giocata")=0,"Non giocata",IF(COUNTIFS(Partite!$B$3:$B$82,$A33,Partite!$K$3:$K$82,"Giocata")=COUNTIFS(Partite!$B$3:$B$82,$A33,Partite!$E$3:$E$82,"<>"),"Completata","In corso"))) | C33: =SUMIF(Punti!$B$3:$B$82,$A33,Punti!$D$3:$D$82) | D33: =SUMIF(Punti!$B$3:$B$82,$A33,Punti!$E$3:$E$82) | E33: =SUMIF(Punti!$B$3:$B$82,$A33,Punti!$F$3:$F$82) | F33: =SUMIF(Punti!$B$3:$B$82,$A33,Punti!$G$3:$G$82) | G33: =SUMIF(Punti!$B$3:$B$82,$A33,Punti!$H$3:$H$82) | H33: =MAX($C33:$G33) | I33: =IF($H33<=0,"-",INDEX($C$32:$G$32,MATCH($H33,$C33:$G33,0))&IF(COUNTIF($C33:$G33,$H33)>1," (a pari)","")&IF($B33="Completata",""," - in corso")) | R33: =C33 | S33: =D33 | T33: =E33 | U33: =F33 | V33: =G33
A34: 3 | B34: =IF(COUNTIFS(Partite!$B$3:$B$82,$A34,Partite!$E$3:$E$82,"<>")=0,"Calendario mancante",IF(COUNTIFS(Partite!$B$3:$B$82,$A34,Partite!$K$3:$K$82,"Giocata")=0,"Non giocata",IF(COUNTIFS(Partite!$B$3:$B$82,$A34,Partite!$K$3:$K$82,"Giocata")=COUNTIFS(Partite!$B$3:$B$82,$A34,Partite!$E$3:$E$82,"<>"),"Completata","In corso"))) | C34: =SUMIF(Punti!$B$3:$B$82,$A34,Punti!$D$3:$D$82) | D34: =SUMIF(Punti!$B$3:$B$82,$A34,Punti!$E$3:$E$82) | E34: =SUMIF(Punti!$B$3:$B$82,$A34,Punti!$F$3:$F$82) | F34: =SUMIF(Punti!$B$3:$B$82,$A34,Punti!$G$3:$G$82) | G34: =SUMIF(Punti!$B$3:$B$82,$A34,Punti!$H$3:$H$82) | H34: =MAX($C34:$G34) | I34: =IF($H34<=0,"-",INDEX($C$32:$G$32,MATCH($H34,$C34:$G34,0))&IF(COUNTIF($C34:$G34,$H34)>1," (a pari)","")&IF($B34="Completata",""," - in corso")) | R34: =R33+C34 | S34: =S33+D34 | T34: =T33+E34 | U34: =U33+F34 | V34: =V33+G34
A35: 4 | B35: =IF(COUNTIFS(Partite!$B$3:$B$82,$A35,Partite!$E$3:$E$82,"<>")=0,"Calendario mancante",IF(COUNTIFS(Partite!$B$3:$B$82,$A35,Partite!$K$3:$K$82,"Giocata")=0,"Non giocata",IF(COUNTIFS(Partite!$B$3:$B$82,$A35,Partite!$K$3:$K$82,"Giocata")=COUNTIFS(Partite!$B$3:$B$82,$A35,Partite!$E$3:$E$82,"<>"),"Completata","In corso"))) | C35: =SUMIF(Punti!$B$3:$B$82,$A35,Punti!$D$3:$D$82) | D35: =SUMIF(Punti!$B$3:$B$82,$A35,Punti!$E$3:$E$82) | E35: =SUMIF(Punti!$B$3:$B$82,$A35,Punti!$F$3:$F$82) | F35: =SUMIF(Punti!$B$3:$B$82,$A35,Punti!$G$3:$G$82) | G35: =SUMIF(Punti!$B$3:$B$82,$A35,Punti!$H$3:$H$82) | H35: =MAX($C35:$G35) | I35: =IF($H35<=0,"-",INDEX($C$32:$G$32,MATCH($H35,$C35:$G35,0))&IF(COUNTIF($C35:$G35,$H35)>1," (a pari)","")&IF($B35="Completata",""," - in corso")) | R35: =R34+C35 | S35: =S34+D35 | T35: =T34+E35 | U35: =U34+F35 | V35: =V34+G35
A36: 5 | B36: =IF(COUNTIFS(Partite!$B$3:$B$82,$A36,Partite!$E$3:$E$82,"<>")=0,"Calendario mancante",IF(COUNTIFS(Partite!$B$3:$B$82,$A36,Partite!$K$3:$K$82,"Giocata")=0,"Non giocata",IF(COUNTIFS(Partite!$B$3:$B$82,$A36,Partite!$K$3:$K$82,"Giocata")=COUNTIFS(Partite!$B$3:$B$82,$A36,Partite!$E$3:$E$82,"<>"),"Completata","In corso"))) | C36: =SUMIF(Punti!$B$3:$B$82,$A36,Punti!$D$3:$D$82) | D36: =SUMIF(Punti!$B$3:$B$82,$A36,Punti!$E$3:$E$82) | E36: =SUMIF(Punti!$B$3:$B$82,$A36,Punti!$F$3:$F$82) | F36: =SUMIF(Punti!$B$3:$B$82,$A36,Punti!$G$3:$G$82) | G36: =SUMIF(Punti!$B$3:$B$82,$A36,Punti!$H$3:$H$82) | H36: =MAX($C36:$G36) | I36: =IF($H36<=0,"-",INDEX($C$32:$G$32,MATCH($H36,$C36:$G36,0))&IF(COUNTIF($C36:$G36,$H36)>1," (a pari)","")&IF($B36="Completata",""," - in corso")) | R36: =R35+C36 | S36: =S35+D36 | T36: =T35+E36 | U36: =U35+F36 | V36: =V35+G36
A37: 6 | B37: =IF(COUNTIFS(Partite!$B$3:$B$82,$A37,Partite!$E$3:$E$82,"<>")=0,"Calendario mancante",IF(COUNTIFS(Partite!$B$3:$B$82,$A37,Partite!$K$3:$K$82,"Giocata")=0,"Non giocata",IF(COUNTIFS(Partite!$B$3:$B$82,$A37,Partite!$K$3:$K$82,"Giocata")=COUNTIFS(Partite!$B$3:$B$82,$A37,Partite!$E$3:$E$82,"<>"),"Completata","In corso"))) | C37: =SUMIF(Punti!$B$3:$B$82,$A37,Punti!$D$3:$D$82) | D37: =SUMIF(Punti!$B$3:$B$82,$A37,Punti!$E$3:$E$82) | E37: =SUMIF(Punti!$B$3:$B$82,$A37,Punti!$F$3:$F$82) | F37: =SUMIF(Punti!$B$3:$B$82,$A37,Punti!$G$3:$G$82) | G37: =SUMIF(Punti!$B$3:$B$82,$A37,Punti!$H$3:$H$82) | H37: =MAX($C37:$G37) | I37: =IF($H37<=0,"-",INDEX($C$32:$G$32,MATCH($H37,$C37:$G37,0))&IF(COUNTIF($C37:$G37,$H37)>1," (a pari)","")&IF($B37="Completata",""," - in corso")) | R37: =R36+C37 | S37: =S36+D37 | T37: =T36+E37 | U37: =U36+F37 | V37: =V36+G37
A38: 7 | B38: =IF(COUNTIFS(Partite!$B$3:$B$82,$A38,Partite!$E$3:$E$82,"<>")=0,"Calendario mancante",IF(COUNTIFS(Partite!$B$3:$B$82,$A38,Partite!$K$3:$K$82,"Giocata")=0,"Non giocata",IF(COUNTIFS(Partite!$B$3:$B$82,$A38,Partite!$K$3:$K$82,"Giocata")=COUNTIFS(Partite!$B$3:$B$82,$A38,Partite!$E$3:$E$82,"<>"),"Completata","In corso"))) | C38: =SUMIF(Punti!$B$3:$B$82,$A38,Punti!$D$3:$D$82) | D38: =SUMIF(Punti!$B$3:$B$82,$A38,Punti!$E$3:$E$82) | E38: =SUMIF(Punti!$B$3:$B$82,$A38,Punti!$F$3:$F$82) | F38: =SUMIF(Punti!$B$3:$B$82,$A38,Punti!$G$3:$G$82) | G38: =SUMIF(Punti!$B$3:$B$82,$A38,Punti!$H$3:$H$82) | H38: =MAX($C38:$G38) | I38: =IF($H38<=0,"-",INDEX($C$32:$G$32,MATCH($H38,$C38:$G38,0))&IF(COUNTIF($C38:$G38,$H38)>1," (a pari)","")&IF($B38="Completata",""," - in corso")) | R38: =R37+C38 | S38: =S37+D38 | T38: =T37+E38 | U38: =U37+F38 | V38: =V37+G38
A39: 8 | B39: =IF(COUNTIFS(Partite!$B$3:$B$82,$A39,Partite!$E$3:$E$82,"<>")=0,"Calendario mancante",IF(COUNTIFS(Partite!$B$3:$B$82,$A39,Partite!$K$3:$K$82,"Giocata")=0,"Non giocata",IF(COUNTIFS(Partite!$B$3:$B$82,$A39,Partite!$K$3:$K$82,"Giocata")=COUNTIFS(Partite!$B$3:$B$82,$A39,Partite!$E$3:$E$82,"<>"),"Completata","In corso"))) | C39: =SUMIF(Punti!$B$3:$B$82,$A39,Punti!$D$3:$D$82) | D39: =SUMIF(Punti!$B$3:$B$82,$A39,Punti!$E$3:$E$82) | E39: =SUMIF(Punti!$B$3:$B$82,$A39,Punti!$F$3:$F$82) | F39: =SUMIF(Punti!$B$3:$B$82,$A39,Punti!$G$3:$G$82) | G39: =SUMIF(Punti!$B$3:$B$82,$A39,Punti!$H$3:$H$82) | H39: =MAX($C39:$G39) | I39: =IF($H39<=0,"-",INDEX($C$32:$G$32,MATCH($H39,$C39:$G39,0))&IF(COUNTIF($C39:$G39,$H39)>1," (a pari)","")&IF($B39="Completata",""," - in corso")) | R39: =R38+C39 | S39: =S38+D39 | T39: =T38+E39 | U39: =U38+F39 | V39: =V38+G39
A40: 9 | B40: =IF(COUNTIFS(Partite!$B$3:$B$82,$A40,Partite!$E$3:$E$82,"<>")=0,"Calendario mancante",IF(COUNTIFS(Partite!$B$3:$B$82,$A40,Partite!$K$3:$K$82,"Giocata")=0,"Non giocata",IF(COUNTIFS(Partite!$B$3:$B$82,$A40,Partite!$K$3:$K$82,"Giocata")=COUNTIFS(Partite!$B$3:$B$82,$A40,Partite!$E$3:$E$82,"<>"),"Completata","In corso"))) | C40: =SUMIF(Punti!$B$3:$B$82,$A40,Punti!$D$3:$D$82) | D40: =SUMIF(Punti!$B$3:$B$82,$A40,Punti!$E$3:$E$82) | E40: =SUMIF(Punti!$B$3:$B$82,$A40,Punti!$F$3:$F$82) | F40: =SUMIF(Punti!$B$3:$B$82,$A40,Punti!$G$3:$G$82) | G40: =SUMIF(Punti!$B$3:$B$82,$A40,Punti!$H$3:$H$82) | H40: =MAX($C40:$G40) | I40: =IF($H40<=0,"-",INDEX($C$32:$G$32,MATCH($H40,$C40:$G40,0))&IF(COUNTIF($C40:$G40,$H40)>1," (a pari)","")&IF($B40="Completata",""," - in corso")) | R40: =R39+C40 | S40: =S39+D40 | T40: =T39+E40 | U40: =U39+F40 | V40: =V39+G40

Sheet Partite
A1: CALENDARIO | G1: RISULTATO REALE | I1: CALCOLATO IN AUTOMATICO
A2: ID | B2: G. | C2: Data | D2: Ora | E2: Casa | F2: Ospite | G2: Gol Casa | H2: Gol Ospite | I2: Segno | J2: Risultato | K2: Stato
A3: G02-01 | B3: 2 | C3: 28/08/2026 | D3: 20:45 | E3: Milan | F3: Venezia | G3: 2 | H3: 0 | I3: =IF(OR($G3="",$H3=""),"",IF($G3>$H3,"1",IF($G3=$H3,"X","2"))) | J3: =IF(OR($G3="",$H3=""),"",$G3&"-"&$H3) | K3: =IF($E3="","Calendario da inserire",IF(OR($G3="",$H3=""),"Da giocare","Giocata"))
A4: G02-02 | B4: 2 | C4: 29/08/2026 | D4: 18:30 | E4: Fiorentina | F4: Frosinone | G4: 0 | H4: 3 | I4: =IF(OR($G4="",$H4=""),"",IF($G4>$H4,"1",IF($G4=$H4,"X","2"))) | J4: =IF(OR($G4="",$H4=""),"",$G4&"-"&$H4) | K4: =IF($E4="","Calendario da inserire",IF(OR($G4="",$H4=""),"Da giocare","Giocata"))
A5: G02-03 | B5: 2 | C5: 29/08/2026 | D5: 18:30 | E5: Monza | F5: Udinese | G5: 2 | H5: 3 | I5: =IF(OR($G5="",$H5=""),"",IF($G5>$H5,"1",IF($G5=$H5,"X","2"))) | J5: =IF(OR($G5="",$H5=""),"",$G5&"-"&$H5) | K5: =IF($E5="","Calendario da inserire",IF(OR($G5="",$H5=""),"Da giocare","Giocata"))
A6: G02-04 | B6: 2 | C6: 29/08/2026 | D6: 18:30 | E6: Sassuolo | F6: Torino | G6: 2 | H6: 1 | I6: =IF(OR($G6="",$H6=""),"",IF($G6>$H6,"1",IF($G6=$H6,"X","2"))) | J6: =IF(OR($G6="",$H6=""),"",$G6&"-"&$H6) | K6: =IF($E6="","Calendario da inserire",IF(OR($G6="",$H6=""),"Da giocare","Giocata"))
A7: G02-05 | B7: 2 | C7: 29/08/2026 | D7: 20:45 | E7: Juventus | F7: Parma | G7: 2 | H7: 0 | I7: =IF(OR($G7="",$H7=""),"",IF($G7>$H7,"1",IF($G7=$H7,"X","2"))) | J7: =IF(OR($G7="",$H7=""),"",$G7&"-"&$H7) | K7: =IF($E7="","Calendario da inserire",IF(OR($G7="",$H7=""),"Da giocare","Giocata"))
A8: G02-06 | B8: 2 | C8: 30/08/2026 | D8: 18:30 | E8: Napoli | F8: Como | G8: 1 | H8: 2 | I8: =IF(OR($G8="",$H8=""),"",IF($G8>$H8,"1",IF($G8=$H8,"X","2"))) | J8: =IF(OR($G8="",$H8=""),"",$G8&"-"&$H8) | K8: =IF($E8="","Calendario da inserire",IF(OR($G8="",$H8=""),"Da giocare","Giocata"))
A9: G02-07 | B9: 2 | C9: 30/08/2026 | D9: 20:45 | E9: Cagliari | F9: Inter | G9: 0 | H9: 1 | I9: =IF(OR($G9="",$H9=""),"",IF($G9>$H9,"1",IF($G9=$H9,"X","2"))) | J9: =IF(OR($G9="",$H9=""),"",$G9&"-"&$H9) | K9: =IF($E9="","Calendario da inserire",IF(OR($G9="",$H9=""),"Da giocare","Giocata"))
A10: G02-08 | B10: 2 | C10: 30/08/2026 | D10: 20:45 | E10: Lazio | F10: Genoa | G10: 1 | H10: 0 | I10: =IF(OR($G10="",$H10=""),"",IF($G10>$H10,"1",IF($G10=$H10,"X","2"))) | J10: =IF(OR($G10="",$H10=""),"",$G10&"-"&$H10) | K10: =IF($E10="","Calendario da inserire",IF(OR($G10="",$H10=""),"Da giocare","Giocata"))
A11: G02-09 | B11: 2 | C11: 31/08/2026 | D11: 18:30 | E11: Lecce | F11: Roma | G11: 0 | H11: 4 | I11: =IF(OR($G11="",$H11=""),"",IF($G11>$H11,"1",IF($G11=$H11,"X","2"))) | J11: =IF(OR($G11="",$H11=""),"",$G11&"-"&$H11) | K11: =IF($E11="","Calendario da inserire",IF(OR($G11="",$H11=""),"Da giocare","Giocata"))
A12: G02-10 | B12: 2 | C12: 31/08/2026 | D12: 20:45 | E12: Atalanta | F12: Bologna | G12: 1 | H12: 0 | I12: =IF(OR($G12="",$H12=""),"",IF($G12>$H12,"1",IF($G12=$H12,"X","2"))) | J12: =IF(OR($G12="",$H12=""),"",$G12&"-"&$H12) | K12: =IF($E12="","Calendario da inserire",IF(OR($G12="",$H12=""),"Da giocare","Giocata"))
A13: G03-01 | B13: 3 | C13: 04/09/2026 | D13: 20:45 | E13: Genoa | F13: Como | G13: 1 | H13: 4 | I13: =IF(OR($G13="",$H13=""),"",IF($G13>$H13,"1",IF($G13=$H13,"X","2"))) | J13: =IF(OR($G13="",$H13=""),"",$G13&"-"&$H13) | K13: =IF($E13="","Calendario da inserire",IF(OR($G13="",$H13=""),"Da giocare","Giocata"))
A14: G03-02 | B14: 3 | C14: 05/09/2026 | D14: 15:00 | E14: Fiorentina | F14: Torino | G14: 1 | H14: 2 | I14: =IF(OR($G14="",$H14=""),"",IF($G14>$H14,"1",IF($G14=$H14,"X","2"))) | J14: =IF(OR($G14="",$H14=""),"",$G14&"-"&$H14) | K14: =IF($E14="","Calendario da inserire",IF(OR($G14="",$H14=""),"Da giocare","Giocata"))
... A67: G08-05 | B67: 8 | C67: 24/10/2026 | D67: 20:45 | E67: Lazio | F67: Parma | G67: 2 | H67: 1 | I67: =IF(OR($G67="",$H67=""),"",IF($G67>$H67,"1",IF($G67=$H67,"X","2"))) | J67: =IF(OR($G67="",$H67=""),"",$G67&"-"&$H67) | K67: =IF($E67="","Calendario da inserire",IF(OR($G67="",$H67=""),"Da giocare","Giocata"))
A68: G08-06 | B68: 8 | C68: 25/10/2026 | D68: 12:30 | E68: Inter | F68: Fiorentina | I68: =IF(OR($G68="",$H68=""),"",IF($G68>$H68,"1",IF($G68=$H68,"X","2"))) | J68: =IF(OR($G68="",$H68=""),"",$G68&"-"&$H68) | K68: =IF($E68="","Calendario da inserire",IF(OR($G68="",$H68=""),"Da giocare","Giocata"))
A69: G08-07 | B69: 8 | C69: 25/10/2026 | D69: 15:00 | E69: Atalanta | F69: Frosinone | I69: =IF(OR($G69="",$H69=""),"",IF($G69>$H69,"1",IF($G69=$H69,"X","2"))) | J69: =IF(OR($G69="",$H69=""),"",$G69&"-"&$H69) | K69: =IF($E69="","Calendario da inserire",IF(OR($G69="",$H69=""),"Da giocare","Giocata"))
A70: G08-08 | B70: 8 | C70: 25/10/2026 | D70: 15:00 | E70: Genoa | F70: Venezia | I70: =IF(OR($G70="",$H70=""),"",IF($G70>$H70,"1",IF($G70=$H70,"X","2"))) | J70: =IF(OR($G70="",$H70=""),"",$G70&"-"&$H70) | K70: =IF($E70="","Calendario da inserire",IF(OR($G70="",$H70=""),"Da giocare","Giocata"))
A71: G08-09 | B71: 8 | C71: 25/10/2026 | D71: 18:00 | E71: Lecce | F71: Juventus | I71: =IF(OR($G71="",$H71=""),"",IF($G71>$H71,"1",IF($G71=$H71,"X","2"))) | J71: =IF(OR($G71="",$H71=""),"",$G71&"-"&$H71) | K71: =IF($E71="","Calendario da inserire",IF(OR($G71="",$H71=""),"Da giocare","Giocata"))
A72: G08-10 | B72: 8 | C72: 25/10/2026 | D72: 20:45 | E72: Udinese | F72: Milan | I72: =IF(OR($G72="",$H72=""),"",IF($G72>$H72,"1",IF($G72=$H72,"X","2"))) | J72: =IF(OR($G72="",$H72=""),"",$G72&"-"&$H72) | K72: =IF($E72="","Calendario da inserire",IF(OR($G72="",$H72=""),"Da giocare","Giocata"))
A73: G09-01 | B73: 9 | C73: 27/10/2026 | D73: 18:30 | E73: Sassuolo | F73: Lazio | I73: =IF(OR($G73="",$H73=""),"",IF($G73>$H73,"1",IF($G73=$H73,"X","2"))) | J73: =IF(OR($G73="",$H73=""),"",$G73&"-"&$H73) | K73: =IF($E73="","Calendario da inserire",IF(OR($G73="",$H73=""),"Da giocare","Giocata"))
A74: G09-02 | B74: 9 | C74: 27/10/2026 | D74: 20:45 | E74: Roma | F74: Cagliari | I74: =IF(OR($G74="",$H74=""),"",IF($G74>$H74,"1",IF($G74=$H74,"X","2"))) | J74: =IF(OR($G74="",$H74=""),"",$G74&"-"&$H74) | K74: =IF($E74="","Calendario da inserire",IF(OR($G74="",$H74=""),"Da giocare","Giocata"))
A75: G09-03 | B75: 9 | C75: 27/10/2026 | D75: 20:45 | E75: Torino | F75: Como | I75: =IF(OR($G75="",$H75=""),"",IF($G75>$H75,"1",IF($G75=$H75,"X","2"))) | J75: =IF(OR($G75="",$H75=""),"",$G75&"-"&$H75) | K75: =IF($E75="","Calendario da inserire",IF(OR($G75="",$H75=""),"Da giocare","Giocata"))
A76: G09-04 | B76: 9 | C76: 28/10/2026 | D76: 18:30 | E76: Milan | F76: Bologna | I76: =IF(OR($G76="",$H76=""),"",IF($G76>$H76,"1",IF($G76=$H76,"X","2"))) | J76: =IF(OR($G76="",$H76=""),"",$G76&"-"&$H76) | K76: =IF($E76="","Calendario da inserire",IF(OR($G76="",$H76=""),"Da giocare","Giocata"))
A77: G09-05 | B77: 9 | C77: 28/10/2026 | D77: 18:30 | E77: Parma | F77: Udinese | I77: =IF(OR($G77="",$H77=""),"",IF($G77>$H77,"1",IF($G77=$H77,"X","2"))) | J77: =IF(OR($G77="",$H77=""),"",$G77&"-"&$H77) | K77: =IF($E77="","Calendario da inserire",IF(OR($G77="",$H77=""),"Da giocare","Giocata"))
A78: G09-06 | B78: 9 | C78: 28/10/2026 | D78: 18:30 | E78: Venezia | F78: Inter | I78: =IF(OR($G78="",$H78=""),"",IF($G78>$H78,"1",IF($G78=$H78,"X","2"))) | J78: =IF(OR($G78="",$H78=""),"",$G78&"-"&$H78) | K78: =IF($E78="","Calendario da inserire",IF(OR($G78="",$H78=""),"Da giocare","Giocata"))
A79: G09-07 | B79: 9 | C79: 28/10/2026 | D79: 20:45 | E79: Genoa | F79: Juventus | I79: =IF(OR($G79="",$H79=""),"",IF($G79>$H79,"1",IF($G79=$H79,"X","2"))) | J79: =IF(OR($G79="",$H79=""),"",$G79&"-"&$H79) | K79: =IF($E79="","Calendario da inserire",IF(OR($G79="",$H79=""),"Da giocare","Giocata"))
... A82: G09-10 | B82: 9 | C82: 29/10/2026 | D82: 20:45 | E82: Fiorentina | F82: Atalanta | I82: =IF(OR($G82="",$H82=""),"",IF($G82>$H82,"1",IF($G82=$H82,"X","2"))) | J82: =IF(OR($G82="",$H82=""),"",$G82&"-"&$H82) | K82: =IF($E82="","Calendario da inserire",IF(OR($G82="",$H82=""),"Da giocare","Giocata"))

Sheet Pronostici
A1: PARTITA | E1: =Config!$A$6 | H1: =Config!$A$7 | K1: =Config!$A$8 | N1: =Config!$A$9 | Q1: =Config!$A$10
A2: ID | B2: G. | C2: Casa | D2: Ospite | E2: Segno | F2: Gol C | G2: Gol O | H2: Segno | I2: Gol C | J2: Gol O | K2: Segno | L2: Gol C | M2: Gol O | N2: Segno | O2: Gol C | P2: Gol O | Q2: Segno | R2: Gol C | S2: Gol O
A3: =Partite!$A3 | B3: =Partite!$B3 | C3: =IF(Partite!$E3="","",Partite!$E3) | D3: =IF(Partite!$F3="","",Partite!$F3) | E3: 1 | F3: 4 | G3: 0 | H3: 1 | I3: 3 | J3: 0 | K3: X | L3: 0 | M3: 0 | N3: 1 | O3: 3 | P3: 1 | Q3: X | R3: 1 | S3: 1
A4: =Partite!$A4 | B4: =Partite!$B4 | C4: =IF(Partite!$E4="","",Partite!$E4) | D4: =IF(Partite!$F4="","",Partite!$F4) | E4: 1 | F4: 2 | G4: 1 | H4: 1 | I4: 2 | J4: 0 | K4: 2 | L4: 1 | M4: 2 | N4: 1 | O4: 1 | P4: 0 | Q4: 1 | R4: 2 | S4: 0
A5: =Partite!$A5 | B5: =Partite!$B5 | C5: =IF(Partite!$E5="","",Partite!$E5) | D5: =IF(Partite!$F5="","",Partite!$F5) | E5: 2 | F5: 0 | G5: 1 | H5: 2 | I5: 1 | J5: 2 | K5: 2 | L5: 0 | M5: 3 | N5: X | O5: 1 | P5: 1 | Q5: X | R5: 1 | S5: 1
A6: =Partite!$A6 | B6: =Partite!$B6 | C6: =IF(Partite!$E6="","",Partite!$E6) | D6: =IF(Partite!$F6="","",Partite!$F6) | E6: X | F6: 1 | G6: 1 | H6: 2 | I6: 1 | J6: 2 | K6: X | L6: 1 | M6: 1 | N6: X | O6: 1 | P6: 1 | Q6: 1 | R6: 2 | S6: 1
A7: =Partite!$A7 | B7: =Partite!$B7 | C7: =IF(Partite!$E7="","",Partite!$E7) | D7: =IF(Partite!$F7="","",Partite!$F7) | E7: 1 | F7: 1 | G7: 0 | H7: 1 | I7: 2 | J7: 0 | K7: 1 | L7: 2 | M7: 0 | N7: 1 | O7: 2 | P7: 0 | Q7: 1 | R7: 2 | S7: 0
A8: =Partite!$A8 | B8: =Partite!$B8 | C8: =IF(Partite!$E8="","",Partite!$E8) | D8: =IF(Partite!$F8="","",Partite!$F8) | E8: 2 | F8: 1 | G8: 2 | H8: X | I8: 1 | J8: 1 | K8: X | L8: 1 | M8: 1 | N8: X | O8: 1 | P8: 1 | Q8: 1 | R8: 2 | S8: 1
A9: =Partite!$A9 | B9: =Partite!$B9 | C9: =IF(Partite!$E9="","",Partite!$E9) | D9: =IF(Partite!$F9="","",Partite!$F9) | E9: 2 | F9: 0 | G9: 2 | H9: 2 | I9: 0 | J9: 3 | K9: 2 | L9: 0 | M9: 4 | N9: 2 | O9: 0 | P9: 3 | Q9: 2 | R9: 0 | S9: 3
A10: =Partite!$A10 | B10: =Partite!$B10 | C10: =IF(Partite!$E10="","",Partite!$E10) | D10: =IF(Partite!$F10="","",Partite!$F10) | E10: X | F10: 2 | G10: 2 | H10: X | I10: 1 | J10: 1 | K10: 1 | L10: 2 | M10: 1 | N10: X | O10: 2 | P10: 2 | Q10: 1 | R10: 1 | S10: 0
A11: =Partite!$A11 | B11: =Partite!$B11 | C11: =IF(Partite!$E11="","",Partite!$E11) | D11: =IF(Partite!$F11="","",Partite!$F11) | E11: 2 | F11: 0 | G11: 3 | H11: 2 | I11: 0 | J11: 3 | K11: X | L11: 2 | M11: 2 | N11: 2 | O11: 1 | P11: 4 | Q11: 2 | R11: 0 | S11: 2
A12: =Partite!$A12 | B12: =Partite!$B12 | C12: =IF(Partite!$E12="","",Partite!$E12) | D12: =IF(Partite!$F12="","",Partite!$F12) | E12: 1 | F12: 2 | G12: 1 | H12: 1 | I12: 2 | J12: 1 | K12: 1 | L12: 3 | M12: 0 | N12: 1 | O12: 2 | P12: 1 | Q12: 1 | R12: 2 | S12: 1
A13: =Partite!$A13 | B13: =Partite!$B13 | C13: =IF(Partite!$E13="","",Partite!$E13) | D13: =IF(Partite!$F13="","",Partite!$F13) | E13: 2 | F13: 0 | G13: 2 | H13: 2 | I13: 1 | J13: 2 | K13: 2 | L13: 0 | M13: 2 | N13: 2 | O13: 0 | P13: 3 | Q13: 2 | R13: 1 | S13: 2
A14: =Partite!$A14 | B14: =Partite!$B14 | C14: =IF(Partite!$E14="","",Partite!$E14) | D14: =IF(Partite!$F14="","",Partite!$F14) | E14: 1 | F14: 1 | G14: 0 | H14: 1 | I14: 2 | J14: 1 | K14: X | L14: 1 | M14: 1 | N14: 1 | O14: 2 | P14: 1 | Q14: 1 | R14: 2 | S14: 1
... A72: =Partite!$A72 | B72: =Partite!$B72 | C72: =IF(Partite!$E72="","",Partite!$E72) | D72: =IF(Partite!$F72="","",Partite!$F72) | E72: X | F72: 1 | G72: 1 | H72: X | I72: 2 | J72: 2 | K72: 2 | L72: 1 | M72: 2 | N72: 2 | O72: 1 | P72: 3 | Q72: X | R72: 2 | S72: 2
A73: =Partite!$A73 | B73: =Partite!$B73 | C73: =IF(Partite!$E73="","",Partite!$E73) | D73: =IF(Partite!$F73="","",Partite!$F73)
A74: =Partite!$A74 | B74: =Partite!$B74 | C74: =IF(Partite!$E74="","",Partite!$E74) | D74: =IF(Partite!$F74="","",Partite!$F74)
A75: =Partite!$A75 | B75: =Partite!$B75 | C75: =IF(Partite!$E75="","",Partite!$E75) | D75: =IF(Partite!$F75="","",Partite!$F75)
A76: =Partite!$A76 | B76: =Partite!$B76 | C76: =IF(Partite!$E76="","",Partite!$E76) | D76: =IF(Partite!$F76="","",Partite!$F76)
A77: =Partite!$A77 | B77: =Partite!$B77 | C77: =IF(Partite!$E77="","",Partite!$E77) | D77: =IF(Partite!$F77="","",Partite!$F77)
A78: =Partite!$A78 | B78: =Partite!$B78 | C78: =IF(Partite!$E78="","",Partite!$E78) | D78: =IF(Partite!$F78="","",Partite!$F78)
A79: =Partite!$A79 | B79: =Partite!$B79 | C79: =IF(Partite!$E79="","",Partite!$E79) | D79: =IF(Partite!$F79="","",Partite!$F79)
A80: =Partite!$A80 | B80: =Partite!$B80 | C80: =IF(Partite!$E80="","",Partite!$E80) | D80: =IF(Partite!$F80="","",Partite!$F80)
A81: =Partite!$A81 | B81: =Partite!$B81 | C81: =IF(Partite!$E81="","",Partite!$E81) | D81: =IF(Partite!$F81="","",Partite!$F81)
A82: =Partite!$A82 | B82: =Partite!$B82 | C82: =IF(Partite!$E82="","",Partite!$E82) | D82: =IF(Partite!$F82="","",Partite!$F82)

Sheet Punti
A1: PUNTI PER PARTITA - tutto calcolato, non scrivere qui | J1: servizio: il segno effettivo di ognuno, dichiarato o dedotto dal punteggio.
A2: ID | B2: G. | C2: Partita | D2: =Config!$A$6 | E2: =Config!$A$7 | F2: =Config!$A$8 | G2: =Config!$A$9 | H2: =Config!$A$10 | J2: =Config!$A$6 | K2: =Config!$A$7 | L2: =Config!$A$8 | M2: =Config!$A$9 | N2: =Config!$A$10
A3: =Partite!$A3 | B3: =Partite!$B3 | C3: =IF(Partite!$E3="","",Partite!$E3&" - "&Partite!$F3) | D3: =IF(Partite!$K3<>"Giocata","",IF(AND(Pronostici!$F3<>"",Pronostici!$G3<>"",Pronostici!$F3=Partite!$G3,Pronostici!$G3=Partite!$H3),Config!$D$6,IF(AND($J3<>"",$J3=Partite!$I3),Config!$D$7,Config!$D$8))) | E3: =IF(Partite!$K3<>"Giocata","",IF(AND(Pronostici!$I3<>"",Pronostici!$J3<>"",Pronostici!$I3=Partite!$G3,Pronostici!$J3=Partite!$H3),Config!$D$6,IF(AND($K3<>"",$K3=Partite!$I3),Config!$D$7,Config!$D$8))) | F3: =IF(Partite!$K3<>"Giocata","",IF(AND(Pronostici!$L3<>"",Pronostici!$M3<>"",Pronostici!$L3=Partite!$G3,Pronostici!$M3=Partite!$H3),Config!$D$6,IF(AND($L3<>"",$L3=Partite!$I3),Config!$D$7,Config!$D$8))) | G3: =IF(Partite!$K3<>"Giocata","",IF(AND(Pronostici!$O3<>"",Pronostici!$P3<>"",Pronostici!$O3=Partite!$G3,Pronostici!$P3=Partite!$H3),Config!$D$6,IF(AND($M3<>"",$M3=Partite!$I3),Config!$D$7,Config!$D$8))) | H3: =IF(Partite!$K3<>"Giocata","",IF(AND(Pronostici!$R3<>"",Pronostici!$S3<>"",Pronostici!$R3=Partite!$G3,Pronostici!$S3=Partite!$H3),Config!$D$6,IF(AND($N3<>"",$N3=Partite!$I3),Config!$D$7,Config!$D$8))) | J3: =IF(Pronostici!$E3<>"",UPPER(Pronostici!$E3),IF(OR(Pronostici!$F3="",Pronostici!$G3=""),"",IF(Pronostici!$F3>Pronostici!$G3,"1",IF(Pronostici!$F3=Pronostici!$G3,"X","2")))) | K3: =IF(Pronostici!$H3<>"",UPPER(Pronostici!$H3),IF(OR(Pronostici!$I3="",Pronostici!$J3=""),"",IF(Pronostici!$I3>Pronostici!$J3,"1",IF(Pronostici!$I3=Pronostici!$J3,"X","2")))) | L3: =IF(Pronostici!$K3<>"",UPPER(Pronostici!$K3),IF(OR(Pronostici!$L3="",Pronostici!$M3=""),"",IF(Pronostici!$L3>Pronostici!$M3,"1",IF(Pronostici!$L3=Pronostici!$M3,"X","2")))) | M3: =IF(Pronostici!$N3<>"",UPPER(Pronostici!$N3),IF(OR(Pronostici!$O3="",Pronostici!$P3=""),"",IF(Pronostici!$O3>Pronostici!$P3,"1",IF(Pronostici!$O3=Pronostici!$P3,"X","2")))) | N3: =IF(Pronostici!$Q3<>"",UPPER(Pronostici!$Q3),IF(OR(Pronostici!$R3="",Pronostici!$S3=""),"",IF(Pronostici!$R3>Pronostici!$S3,"1",IF(Pronostici!$R3=Pronostici!$S3,"X","2"))))
A4: =Partite!$A4 | B4: =Partite!$B4 | C4: =IF(Partite!$E4="","",Partite!$E4&" - "&Partite!$F4) | D4: =IF(Partite!$K4<>"Giocata","",IF(AND(Pronostici!$F4<>"",Pronostici!$G4<>"",Pronostici!$F4=Partite!$G4,Pronostici!$G4=Partite!$H4),Config!$D$6,IF(AND($J4<>"",$J4=Partite!$I4),Config!$D$7,Config!$D$8))) | E4: =IF(Partite!$K4<>"Giocata","",IF(AND(Pronostici!$I4<>"",Pronostici!$J4<>"",Pronostici!$I4=Partite!$G4,Pronostici!$J4=Partite!$H4),Config!$D$6,IF(AND($K4<>"",$K4=Partite!$I4),Config!$D$7,Config!$D$8))) | F4: =IF(Partite!$K4<>"Giocata","",IF(AND(Pronostici!$L4<>"",Pronostici!$M4<>"",Pronostici!$L4=Partite!$G4,Pronostici!$M4=Partite!$H4),Config!$D$6,IF(AND($L4<>"",$L4=Partite!$I4),Config!$D$7,Config!$D$8))) | G4: =IF(Partite!$K4<>"Giocata","",IF(AND(Pronostici!$O4<>"",Pronostici!$P4<>"",Pronostici!$O4=Partite!$G4,Pronostici!$P4=Partite!$H4),Config!$D$6,IF(AND($M4<>"",$M4=Partite!$I4),Config!$D$7,Config!$D$8))) | H4: =IF(Partite!$K4<>"Giocata","",IF(AND(Pronostici!$R4<>"",Pronostici!$S4<>"",Pronostici!$R4=Partite!$G4,Pronostici!$S4=Partite!$H4),Config!$D$6,IF(AND($N4<>"",$N4=Partite!$I4),Config!$D$7,Config!$D$8))) | J4: =IF(Pronostici!$E4<>"",UPPER(Pronostici!$E4),IF(OR(Pronostici!$F4="",Pronostici!$G4=""),"",IF(Pronostici!$F4>Pronostici!$G4,"1",IF(Pronostici!$F4=Pronostici!$G4,"X","2")))) | K4: =IF(Pronostici!$H4<>"",UPPER(Pronostici!$H4),IF(OR(Pronostici!$I4="",Pronostici!$J4=""),"",IF(Pronostici!$I4>Pronostici!$J4,"1",IF(Pronostici!$I4=Pronostici!$J4,"X","2")))) | L4: =IF(Pronostici!$K4<>"",UPPER(Pronostici!$K4),IF(OR(Pronostici!$L4="",Pronostici!$M4=""),"",IF(Pronostici!$L4>Pronostici!$M4,"1",IF(Pronostici!$L4=Pronostici!$M4,"X","2")))) | M4: =IF(Pronostici!$N4<>"",UPPER(Pronostici!$N4),IF(OR(Pronostici!$O4="",Pronostici!$P4=""),"",IF(Pronostici!$O4>Pronostici!$P4,"1",IF(Pronostici!$O4=Pronostici!$P4,"X","2")))) | N4: =IF(Pronostici!$Q4<>"",UPPER(Pronostici!$Q4),IF(OR(Pronostici!$R4="",Pronostici!$S4=""),"",IF(Pronostici!$R4>Pronostici!$S4,"1",IF(Pronostici!$R4=Pronostici!$S4,"X","2"))))
A5: =Partite!$A5 | B5: =Partite!$B5 | C5: =IF(Partite!$E5="","",Partite!$E5&" - "&Partite!$F5) | D5: =IF(Partite!$K5<>"Giocata","",IF(AND(Pronostici!$F5<>"",Pronostici!$G5<>"",Pronostici!$F5=Partite!$G5,Pronostici!$G5=Partite!$H5),Config!$D$6,IF(AND($J5<>"",$J5=Partite!$I5),Config!$D$7,Config!$D$8))) | E5: =IF(Partite!$K5<>"Giocata","",IF(AND(Pronostici!$I5<>"",Pronostici!$J5<>"",Pronostici!$I5=Partite!$G5,Pronostici!$J5=Partite!$H5),Config!$D$6,IF(AND($K5<>"",$K5=Partite!$I5),Config!$D$7,Config!$D$8))) | F5: =IF(Partite!$K5<>"Giocata","",IF(AND(Pronostici!$L5<>"",Pronostici!$M5<>"",Pronostici!$L5=Partite!$G5,Pronostici!$M5=Partite!$H5),Config!$D$6,IF(AND($L5<>"",$L5=Partite!$I5),Config!$D$7,Config!$D$8))) | G5: =IF(Partite!$K5<>"Giocata","",IF(AND(Pronostici!$O5<>"",Pronostici!$P5<>"",Pronostici!$O5=Partite!$G5,Pronostici!$P5=Partite!$H5),Config!$D$6,IF(AND($M5<>"",$M5=Partite!$I5),Config!$D$7,Config!$D$8))) | H5: =IF(Partite!$K5<>"Giocata","",IF(AND(Pronostici!$R5<>"",Pronostici!$S5<>"",Pronostici!$R5=Partite!$G5,Pronostici!$S5=Partite!$H5),Config!$D$6,IF(AND($N5<>"",$N5=Partite!$I5),Config!$D$7,Config!$D$8))) | J5: =IF(Pronostici!$E5<>"",UPPER(Pronostici!$E5),IF(OR(Pronostici!$F5="",Pronostici!$G5=""),"",IF(Pronostici!$F5>Pronostici!$G5,"1",IF(Pronostici!$F5=Pronostici!$G5,"X","2")))) | K5: =IF(Pronostici!$H5<>"",UPPER(Pronostici!$H5),IF(OR(Pronostici!$I5="",Pronostici!$J5=""),"",IF(Pronostici!$I5>Pronostici!$J5,"1",IF(Pronostici!$I5=Pronostici!$J5,"X","2")))) | L5: =IF(Pronostici!$K5<>"",UPPER(Pronostici!$K5),IF(OR(Pronostici!$L5="",Pronostici!$M5=""),"",IF(Pronostici!$L5>Pronostici!$M5,"1",IF(Pronostici!$L5=Pronostici!$M5,"X","2")))) | M5: =IF(Pronostici!$N5<>"",UPPER(Pronostici!$N5),IF(OR(Pronostici!$O5="",Pronostici!$P5=""),"",IF(Pronostici!$O5>Pronostici!$P5,"1",IF(Pronostici!$O5=Pronostici!$P5,"X","2")))) | N5: =IF(Pronostici!$Q5<>"",UPPER(Pronostici!$Q5),IF(OR(Pronostici!$R5="",Pronostici!$S5=""),"",IF(Pronostici!$R5>Pronostici!$S5,"1",IF(Pronostici!$R5=Pronostici!$S5,"X","2"))))
A6: =Partite!$A6 | B6: =Partite!$B6 | C6: =IF(Partite!$E6="","",Partite!$E6&" - "&Partite!$F6) | D6: =IF(Partite!$K6<>"Giocata","",IF(AND(Pronostici!$F6<>"",Pronostici!$G6<>"",Pronostici!$F6=Partite!$G6,Pronostici!$G6=Partite!$H6),Config!$D$6,IF(AND($J6<>"",$J6=Partite!$I6),Config!$D$7,Config!$D$8))) | E6: =IF(Partite!$K6<>"Giocata","",IF(AND(Pronostici!$I6<>"",Pronostici!$J6<>"",Pronostici!$I6=Partite!$G6,Pronostici!$J6=Partite!$H6),Config!$D$6,IF(AND($K6<>"",$K6=Partite!$I6),Config!$D$7,Config!$D$8))) | F6: =IF(Partite!$K6<>"Giocata","",IF(AND(Pronostici!$L6<>"",Pronostici!$M6<>"",Pronostici!$L6=Partite!$G6,Pronostici!$M6=Partite!$H6),Config!$D$6,IF(AND($L6<>"",$L6=Partite!$I6),Config!$D$7,Config!$D$8))) | G6: =IF(Partite!$K6<>"Giocata","",IF(AND(Pronostici!$O6<>"",Pronostici!$P6<>"",Pronostici!$O6=Partite!$G6,Pronostici!$P6=Partite!$H6),Config!$D$6,IF(AND($M6<>"",$M6=Partite!$I6),Config!$D$7,Config!$D$8))) | H6: =IF(Partite!$K6<>"Giocata","",IF(AND(Pronostici!$R6<>"",Pronostici!$S6<>"",Pronostici!$R6=Partite!$G6,Pronostici!$S6=Partite!$H6),Config!$D$6,IF(AND($N6<>"",$N6=Partite!$I6),Config!$D$7,Config!$D$8))) | J6: =IF(Pronostici!$E6<>"",UPPER(Pronostici!$E6),IF(OR(Pronostici!$F6="",Pronostici!$G6=""),"",IF(Pronostici!$F6>Pronostici!$G6,"1",IF(Pronostici!$F6=Pronostici!$G6,"X","2")))) | K6: =IF(Pronostici!$H6<>"",UPPER(Pronostici!$H6),IF(OR(Pronostici!$I6="",Pronostici!$J6=""),"",IF(Pronostici!$I6>Pronostici!$J6,"1",IF(Pronostici!$I6=Pronostici!$J6,"X","2")))) | L6: =IF(Pronostici!$K6<>"",UPPER(Pronostici!$K6),IF(OR(Pronostici!$L6="",Pronostici!$M6=""),"",IF(Pronostici!$L6>Pronostici!$M6,"1",IF(Pronostici!$L6=Pronostici!$M6,"X","2")))) | M6: =IF(Pronostici!$N6<>"",UPPER(Pronostici!$N6),IF(OR(Pronostici!$O6="",Pronostici!$P6=""),"",IF(Pronostici!$O6>Pronostici!$P6,"1",IF(Pronostici!$O6=Pronostici!$P6,"X","2")))) | N6: =IF(Pronostici!$Q6<>"",UPPER(Pronostici!$Q6),IF(OR(Pronostici!$R6="",Pronostici!$S6=""),"",IF(Pronostici!$R6>Pronostici!$S6,"1",IF(Pronostici!$R6=Pronostici!$S6,"X","2"))))
A7: =Partite!$A7 | B7: =Partite!$B7 | C7: =IF(Partite!$E7="","",Partite!$E7&" - "&Partite!$F7) | D7: =IF(Partite!$K7<>"Giocata","",IF(AND(Pronostici!$F7<>"",Pronostici!$G7<>"",Pronostici!$F7=Partite!$G7,Pronostici!$G7=Partite!$H7),Config!$D$6,IF(AND($J7<>"",$J7=Partite!$I7),Config!$D$7,Config!$D$8))) | E7: =IF(Partite!$K7<>"Giocata","",IF(AND(Pronostici!$I7<>"",Pronostici!$J7<>"",Pronostici!$I7=Partite!$G7,Pronostici!$J7=Partite!$H7),Config!$D$6,IF(AND($K7<>"",$K7=Partite!$I7),Config!$D$7,Config!$D$8))) | F7: =IF(Partite!$K7<>"Giocata","",IF(AND(Pronostici!$L7<>"",Pronostici!$M7<>"",Pronostici!$L7=Partite!$G7,Pronostici!$M7=Partite!$H7),Config!$D$6,IF(AND($L7<>"",$L7=Partite!$I7),Config!$D$7,Config!$D$8))) | G7: =IF(Partite!$K7<>"Giocata","",IF(AND(Pronostici!$O7<>"",Pronostici!$P7<>"",Pronostici!$O7=Partite!$G7,Pronostici!$P7=Partite!$H7),Config!$D$6,IF(AND($M7<>"",$M7=Partite!$I7),Config!$D$7,Config!$D$8))) | H7: =IF(Partite!$K7<>"Giocata","",IF(AND(Pronostici!$R7<>"",Pronostici!$S7<>"",Pronostici!$R7=Partite!$G7,Pronostici!$S7=Partite!$H7),Config!$D$6,IF(AND($N7<>"",$N7=Partite!$I7),Config!$D$7,Config!$D$8))) | J7: =IF(Pronostici!$E7<>"",UPPER(Pronostici!$E7),IF(OR(Pronostici!$F7="",Pronostici!$G7=""),"",IF(Pronostici!$F7>Pronostici!$G7,"1",IF(Pronostici!$F7=Pronostici!$G7,"X","2")))) | K7: =IF(Pronostici!$H7<>"",UPPER(Pronostici!$H7),IF(OR(Pronostici!$I7="",Pronostici!$J7=""),"",IF(Pronostici!$I7>Pronostici!$J7,"1",IF(Pronostici!$I7=Pronostici!$J7,"X","2")))) | L7: =IF(Pronostici!$K7<>"",UPPER(Pronostici!$K7),IF(OR(Pronostici!$L7="",Pronostici!$M7=""),"",IF(Pronostici!$L7>Pronostici!$M7,"1",IF(Pronostici!$L7=Pronostici!$M7,"X","2")))) | M7: =IF(Pronostici!$N7<>"",UPPER(Pronostici!$N7),IF(OR(Pronostici!$O7="",Pronostici!$P7=""),"",IF(Pronostici!$O7>Pronostici!$P7,"1",IF(Pronostici!$O7=Pronostici!$P7,"X","2")))) | N7: =IF(Pronostici!$Q7<>"",UPPER(Pronostici!$Q7),IF(OR(Pronostici!$R7="",Pronostici!$S7=""),"",IF(Pronostici!$R7>Pronostici!$S7,"1",IF(Pronostici!$R7=Pronostici!$S7,"X","2"))))
A8: =Partite!$A8 | B8: =Partite!$B8 | C8: =IF(Partite!$E8="","",Partite!$E8&" - "&Partite!$F8) | D8: =IF(Partite!$K8<>"Giocata","",IF(AND(Pronostici!$F8<>"",Pronostici!$G8<>"",Pronostici!$F8=Partite!$G8,Pronostici!$G8=Partite!$H8),Config!$D$6,IF(AND($J8<>"",$J8=Partite!$I8),Config!$D$7,Config!$D$8))) | E8: =IF(Partite!$K8<>"Giocata","",IF(AND(Pronostici!$I8<>"",Pronostici!$J8<>"",Pronostici!$I8=Partite!$G8,Pronostici!$J8=Partite!$H8),Config!$D$6,IF(AND($K8<>"",$K8=Partite!$I8),Config!$D$7,Config!$D$8))) | F8: =IF(Partite!$K8<>"Giocata","",IF(AND(Pronostici!$L8<>"",Pronostici!$M8<>"",Pronostici!$L8=Partite!$G8,Pronostici!$M8=Partite!$H8),Config!$D$6,IF(AND($L8<>"",$L8=Partite!$I8),Config!$D$7,Config!$D$8))) | G8: =IF(Partite!$K8<>"Giocata","",IF(AND(Pronostici!$O8<>"",Pronostici!$P8<>"",Pronostici!$O8=Partite!$G8,Pronostici!$P8=Partite!$H8),Config!$D$6,IF(AND($M8<>"",$M8=Partite!$I8),Config!$D$7,Config!$D$8))) | H8: =IF(Partite!$K8<>"Giocata","",IF(AND(Pronostici!$R8<>"",Pronostici!$S8<>"",Pronostici!$R8=Partite!$G8,Pronostici!$S8=Partite!$H8),Config!$D$6,IF(AND($N8<>"",$N8=Partite!$I8),Config!$D$7,Config!$D$8))) | J8: =IF(Pronostici!$E8<>"",UPPER(Pronostici!$E8),IF(OR(Pronostici!$F8="",Pronostici!$G8=""),"",IF(Pronostici!$F8>Pronostici!$G8,"1",IF(Pronostici!$F8=Pronostici!$G8,"X","2")))) | K8: =IF(Pronostici!$H8<>"",UPPER(Pronostici!$H8),IF(OR(Pronostici!$I8="",Pronostici!$J8=""),"",IF(Pronostici!$I8>Pronostici!$J8,"1",IF(Pronostici!$I8=Pronostici!$J8,"X","2")))) | L8: =IF(Pronostici!$K8<>"",UPPER(Pronostici!$K8),IF(OR(Pronostici!$L8="",Pronostici!$M8=""),"",IF(Pronostici!$L8>Pronostici!$M8,"1",IF(Pronostici!$L8=Pronostici!$M8,"X","2")))) | M8: =IF(Pronostici!$N8<>"",UPPER(Pronostici!$N8),IF(OR(Pronostici!$O8="",Pronostici!$P8=""),"",IF(Pronostici!$O8>Pronostici!$P8,"1",IF(Pronostici!$O8=Pronostici!$P8,"X","2")))) | N8: =IF(Pronostici!$Q8<>"",UPPER(Pronostici!$Q8),IF(OR(Pronostici!$R8="",Pronostici!$S8=""),"",IF(Pronostici!$R8>Pronostici!$S8,"1",IF(Pronostici!$R8=Pronostici!$S8,"X","2"))))
A9: =Partite!$A9 | B9: =Partite!$B9 | C9: =IF(Partite!$E9="","",Partite!$E9&" - "&Partite!$F9) | D9: =IF(Partite!$K9<>"Giocata","",IF(AND(Pronostici!$F9<>"",Pronostici!$G9<>"",Pronostici!$F9=Partite!$G9,Pronostici!$G9=Partite!$H9),Config!$D$6,IF(AND($J9<>"",$J9=Partite!$I9),Config!$D$7,Config!$D$8))) | E9: =IF(Partite!$K9<>"Giocata","",IF(AND(Pronostici!$I9<>"",Pronostici!$J9<>"",Pronostici!$I9=Partite!$G9,Pronostici!$J9=Partite!$H9),Config!$D$6,IF(AND($K9<>"",$K9=Partite!$I9),Config!$D$7,Config!$D$8))) | F9: =IF(Partite!$K9<>"Giocata","",IF(AND(Pronostici!$L9<>"",Pronostici!$M9<>"",Pronostici!$L9=Partite!$G9,Pronostici!$M9=Partite!$H9),Config!$D$6,IF(AND($L9<>"",$L9=Partite!$I9),Config!$D$7,Config!$D$8))) | G9: =IF(Partite!$K9<>"Giocata","",IF(AND(Pronostici!$O9<>"",Pronostici!$P9<>"",Pronostici!$O9=Partite!$G9,Pronostici!$P9=Partite!$H9),Config!$D$6,IF(AND($M9<>"",$M9=Partite!$I9),Config!$D$7,Config!$D$8))) | H9: =IF(Partite!$K9<>"Giocata","",IF(AND(Pronostici!$R9<>"",Pronostici!$S9<>"",Pronostici!$R9=Partite!$G9,Pronostici!$S9=Partite!$H9),Config!$D$6,IF(AND($N9<>"",$N9=Partite!$I9),Config!$D$7,Config!$D$8))) | J9: =IF(Pronostici!$E9<>"",UPPER(Pronostici!$E9),IF(OR(Pronostici!$F9="",Pronostici!$G9=""),"",IF(Pronostici!$F9>Pronostici!$G9,"1",IF(Pronostici!$F9=Pronostici!$G9,"X","2")))) | K9: =IF(Pronostici!$H9<>"",UPPER(Pronostici!$H9),IF(OR(Pronostici!$I9="",Pronostici!$J9=""),"",IF(Pronostici!$I9>Pronostici!$J9,"1",IF(Pronostici!$I9=Pronostici!$J9,"X","2")))) | L9: =IF(Pronostici!$K9<>"",UPPER(Pronostici!$K9),IF(OR(Pronostici!$L9="",Pronostici!$M9=""),"",IF(Pronostici!$L9>Pronostici!$M9,"1",IF(Pronostici!$L9=Pronostici!$M9,"X","2")))) | M9: =IF(Pronostici!$N9<>"",UPPER(Pronostici!$N9),IF(OR(Pronostici!$O9="",Pronostici!$P9=""),"",IF(Pronostici!$O9>Pronostici!$P9,"1",IF(Pronostici!$O9=Pronostici!$P9,"X","2")))) | N9: =IF(Pronostici!$Q9<>"",UPPER(Pronostici!$Q9),IF(OR(Pronostici!$R9="",Pronostici!$S9=""),"",IF(Pronostici!$R9>Pronostici!$S9,"1",IF(Pronostici!$R9=Pronostici!$S9,"X","2"))))
A10: =Partite!$A10 | B10: =Partite!$B10 | C10: =IF(Partite!$E10="","",Partite!$E10&" - "&Partite!$F10) | D10: =IF(Partite!$K10<>"Giocata","",IF(AND(Pronostici!$F10<>"",Pronostici!$G10<>"",Pronostici!$F10=Partite!$G10,Pronostici!$G10=Partite!$H10),Config!$D$6,IF(AND($J10<>"",$J10=Partite!$I10),Config!$D$7,Config!$D$8))) | E10: =IF(Partite!$K10<>"Giocata","",IF(AND(Pronostici!$I10<>"",Pronostici!$J10<>"",Pronostici!$I10=Partite!$G10,Pronostici!$J10=Partite!$H10),Config!$D$6,IF(AND($K10<>"",$K10=Partite!$I10),Config!$D$7,Config!$D$8))) | F10: =IF(Partite!$K10<>"Giocata","",IF(AND(Pronostici!$L10<>"",Pronostici!$M10<>"",Pronostici!$L10=Partite!$G10,Pronostici!$M10=Partite!$H10),Config!$D$6,IF(AND($L10<>"",$L10=Partite!$I10),Config!$D$7,Config!$D$8))) | G10: =IF(Partite!$K10<>"Giocata","",IF(AND(Pronostici!$O10<>"",Pronostici!$P10<>"",Pronostici!$O10=Partite!$G10,Pronostici!$P10=Partite!$H10),Config!$D$6,IF(AND($M10<>"",$M10=Partite!$I10),Config!$D$7,Config!$D$8))) | H10: =IF(Partite!$K10<>"Giocata","",IF(AND(Pronostici!$R10<>"",Pronostici!$S10<>"",Pronostici!$R10=Partite!$G10,Pronostici!$S10=Partite!$H10),Config!$D$6,IF(AND($N10<>"",$N10=Partite!$I10),Config!$D$7,Config!$D$8))) | J10: =IF(Pronostici!$E10<>"",UPPER(Pronostici!$E10),IF(OR(Pronostici!$F10="",Pronostici!$G10=""),"",IF(Pronostici!$F10>Pronostici!$G10,"1",IF(Pronostici!$F10=Pronostici!$G10,"X","2")))) | K10: =IF(Pronostici!$H10<>"",UPPER(Pronostici!$H10),IF(OR(Pronostici!$I10="",Pronostici!$J10=""),"",IF(Pronostici!$I10>Pronostici!$J10,"1",IF(Pronostici!$I10=Pronostici!$J10,"X","2")))) | L10: =IF(Pronostici!$K10<>"",UPPER(Pronostici!$K10),IF(OR(Pronostici!$L10="",Pronostici!$M10=""),"",IF(Pronostici!$L10>Pronostici!$M10,"1",IF(Pronostici!$L10=Pronostici!$M10,"X","2")))) | M10: =IF(Pronostici!$N10<>"",UPPER(Pronostici!$N10),IF(OR(Pronostici!$O10="",Pronostici!$P10=""),"",IF(Pronostici!$O10>Pronostici!$P10,"1",IF(Pronostici!$O10=Pronostici!$P10,"X","2")))) | N10: =IF(Pronostici!$Q10<>"",UPPER(Pronostici!$Q10),IF(OR(Pronostici!$R10="",Pronostici!$S10=""),"",IF(Pronostici!$R10>Pronostici!$S10,"1",IF(Pronostici!$R10=Pronostici!$S10,"X","2"))))
A11: =Partite!$A11 | B11: =Partite!$B11 | C11: =IF(Partite!$E11="","",Partite!$E11&" - "&Partite!$F11) | D11: =IF(Partite!$K11<>"Giocata","",IF(AND(Pronostici!$F11<>"",Pronostici!$G11<>"",Pronostici!$F11=Partite!$G11,Pronostici!$G11=Partite!$H11),Config!$D$6,IF(AND($J11<>"",$J11=Partite!$I11),Config!$D$7,Config!$D$8))) | E11: =IF(Partite!$K11<>"Giocata","",IF(AND(Pronostici!$I11<>"",Pronostici!$J11<>"",Pronostici!$I11=Partite!$G11,Pronostici!$J11=Partite!$H11),Config!$D$6,IF(AND($K11<>"",$K11=Partite!$I11),Config!$D$7,Config!$D$8))) | F11: =IF(Partite!$K11<>"Giocata","",IF(AND(Pronostici!$L11<>"",Pronostici!$M11<>"",Pronostici!$L11=Partite!$G11,Pronostici!$M11=Partite!$H11),Config!$D$6,IF(AND($L11<>"",$L11=Partite!$I11),Config!$D$7,Config!$D$8))) | G11: =IF(Partite!$K11<>"Giocata","",IF(AND(Pronostici!$O11<>"",Pronostici!$P11<>"",Pronostici!$O11=Partite!$G11,Pronostici!$P11=Partite!$H11),Config!$D$6,IF(AND($M11<>"",$M11=Partite!$I11),Config!$D$7,Config!$D$8))) | H11: =IF(Partite!$K11<>"Giocata","",IF(AND(Pronostici!$R11<>"",Pronostici!$S11<>"",Pronostici!$R11=Partite!$G11,Pronostici!$S11=Partite!$H11),Config!$D$6,IF(AND($N11<>"",$N11=Partite!$I11),Config!$D$7,Config!$D$8))) | J11: =IF(Pronostici!$E11<>"",UPPER(Pronostici!$E11),IF(OR(Pronostici!$F11="",Pronostici!$G11=""),"",IF(Pronostici!$F11>Pronostici!$G11,"1",IF(Pronostici!$F11=Pronostici!$G11,"X","2")))) | K11: =IF(Pronostici!$H11<>"",UPPER(Pronostici!$H11),IF(OR(Pronostici!$I11="",Pronostici!$J11=""),"",IF(Pronostici!$I11>Pronostici!$J11,"1",IF(Pronostici!$I11=Pronostici!$J11,"X","2")))) | L11: =IF(Pronostici!$K11<>"",UPPER(Pronostici!$K11),IF(OR(Pronostici!$L11="",Pronostici!$M11=""),"",IF(Pronostici!$L11>Pronostici!$M11,"1",IF(Pronostici!$L11=Pronostici!$M11,"X","2")))) | M11: =IF(Pronostici!$N11<>"",UPPER(Pronostici!$N11),IF(OR(Pronostici!$O11="",Pronostici!$P11=""),"",IF(Pronostici!$O11>Pronostici!$P11,"1",IF(Pronostici!$O11=Pronostici!$P11,"X","2")))) | N11: =IF(Pronostici!$Q11<>"",UPPER(Pronostici!$Q11),IF(OR(Pronostici!$R11="",Pronostici!$S11=""),"",IF(Pronostici!$R11>Pronostici!$S11,"1",IF(Pronostici!$R11=Pronostici!$S11,"X","2"))))
A12: =Partite!$A12 | B12: =Partite!$B12 | C12: =IF(Partite!$E12="","",Partite!$E12&" - "&Partite!$F12) | D12: =IF(Partite!$K12<>"Giocata","",IF(AND(Pronostici!$F12<>"",Pronostici!$G12<>"",Pronostici!$F12=Partite!$G12,Pronostici!$G12=Partite!$H12),Config!$D$6,IF(AND($J12<>"",$J12=Partite!$I12),Config!$D$7,Config!$D$8))) | E12: =IF(Partite!$K12<>"Giocata","",IF(AND(Pronostici!$I12<>"",Pronostici!$J12<>"",Pronostici!$I12=Partite!$G12,Pronostici!$J12=Partite!$H12),Config!$D$6,IF(AND($K12<>"",$K12=Partite!$I12),Config!$D$7,Config!$D$8))) | F12: =IF(Partite!$K12<>"Giocata","",IF(AND(Pronostici!$L12<>"",Pronostici!$M12<>"",Pronostici!$L12=Partite!$G12,Pronostici!$M12=Partite!$H12),Config!$D$6,IF(AND($L12<>"",$L12=Partite!$I12),Config!$D$7,Config!$D$8))) | G12: =IF(Partite!$K12<>"Giocata","",IF(AND(Pronostici!$O12<>"",Pronostici!$P12<>"",Pronostici!$O12=Partite!$G12,Pronostici!$P12=Partite!$H12),Config!$D$6,IF(AND($M12<>"",$M12=Partite!$I12),Config!$D$7,Config!$D$8))) | H12: =IF(Partite!$K12<>"Giocata","",IF(AND(Pronostici!$R12<>"",Pronostici!$S12<>"",Pronostici!$R12=Partite!$G12,Pronostici!$S12=Partite!$H12),Config!$D$6,IF(AND($N12<>"",$N12=Partite!$I12),Config!$D$7,Config!$D$8))) | J12: =IF(Pronostici!$E12<>"",UPPER(Pronostici!$E12),IF(OR(Pronostici!$F12="",Pronostici!$G12=""),"",IF(Pronostici!$F12>Pronostici!$G12,"1",IF(Pronostici!$F12=Pronostici!$G12,"X","2")))) | K12: =IF(Pronostici!$H12<>"",UPPER(Pronostici!$H12),IF(OR(Pronostici!$I12="",Pronostici!$J12=""),"",IF(Pronostici!$I12>Pronostici!$J12,"1",IF(Pronostici!$I12=Pronostici!$J12,"X","2")))) | L12: =IF(Pronostici!$K12<>"",UPPER(Pronostici!$K12),IF(OR(Pronostici!$L12="",Pronostici!$M12=""),"",IF(Pronostici!$L12>Pronostici!$M12,"1",IF(Pronostici!$L12=Pronostici!$M12,"X","2")))) | M12: =IF(Pronostici!$N12<>"",UPPER(Pronostici!$N12),IF(OR(Pronostici!$O12="",Pronostici!$P12=""),"",IF(Pronostici!$O12>Pronostici!$P12,"1",IF(Pronostici!$O12=Pronostici!$P12,"X","2")))) | N12: =IF(Pronostici!$Q12<>"",UPPER(Pronostici!$Q12),IF(OR(Pronostici!$R12="",Pronostici!$S12=""),"",IF(Pronostici!$R12>Pronostici!$S12,"1",IF(Pronostici!$R12=Pronostici!$S12,"X","2"))))
A13: =Partite!$A13 | B13: =Partite!$B13 | C13: =IF(Partite!$E13="","",Partite!$E13&" - "&Partite!$F13) | D13: =IF(Partite!$K13<>"Giocata","",IF(AND(Pronostici!$F13<>"",Pronostici!$G13<>"",Pronostici!$F13=Partite!$G13,Pronostici!$G13=Partite!$H13),Config!$D$6,IF(AND($J13<>"",$J13=Partite!$I13),Config!$D$7,Config!$D$8))) | E13: =IF(Partite!$K13<>"Giocata","",IF(AND(Pronostici!$I13<>"",Pronostici!$J13<>"",Pronostici!$I13=Partite!$G13,Pronostici!$J13=Partite!$H13),Config!$D$6,IF(AND($K13<>"",$K13=Partite!$I13),Config!$D$7,Config!$D$8))) | F13: =IF(Partite!$K13<>"Giocata","",IF(AND(Pronostici!$L13<>"",Pronostici!$M13<>"",Pronostici!$L13=Partite!$G13,Pronostici!$M13=Partite!$H13),Config!$D$6,IF(AND($L13<>"",$L13=Partite!$I13),Config!$D$7,Config!$D$8))) | G13: =IF(Partite!$K13<>"Giocata","",IF(AND(Pronostici!$O13<>"",Pronostici!$P13<>"",Pronostici!$O13=Partite!$G13,Pronostici!$P13=Partite!$H13),Config!$D$6,IF(AND($M13<>"",$M13=Partite!$I13),Config!$D$7,Config!$D$8))) | H13: =IF(Partite!$K13<>"Giocata","",IF(AND(Pronostici!$R13<>"",Pronostici!$S13<>"",Pronostici!$R13=Partite!$G13,Pronostici!$S13=Partite!$H13),Config!$D$6,IF(AND($N13<>"",$N13=Partite!$I13),Config!$D$7,Config!$D$8))) | J13: =IF(Pronostici!$E13<>"",UPPER(Pronostici!$E13),IF(OR(Pronostici!$F13="",Pronostici!$G13=""),"",IF(Pronostici!$F13>Pronostici!$G13,"1",IF(Pronostici!$F13=Pronostici!$G13,"X","2")))) | K13: =IF(Pronostici!$H13<>"",UPPER(Pronostici!$H13),IF(OR(Pronostici!$I13="",Pronostici!$J13=""),"",IF(Pronostici!$I13>Pronostici!$J13,"1",IF(Pronostici!$I13=Pronostici!$J13,"X","2")))) | L13: =IF(Pronostici!$K13<>"",UPPER(Pronostici!$K13),IF(OR(Pronostici!$L13="",Pronostici!$M13=""),"",IF(Pronostici!$L13>Pronostici!$M13,"1",IF(Pronostici!$L13=Pronostici!$M13,"X","2")))) | M13: =IF(Pronostici!$N13<>"",UPPER(Pronostici!$N13),IF(OR(Pronostici!$O13="",Pronostici!$P13=""),"",IF(Pronostici!$O13>Pronostici!$P13,"1",IF(Pronostici!$O13=Pronostici!$P13,"X","2")))) | N13: =IF(Pronostici!$Q13<>"",UPPER(Pronostici!$Q13),IF(OR(Pronostici!$R13="",Pronostici!$S13=""),"",IF(Pronostici!$R13>Pronostici!$S13,"1",IF(Pronostici!$R13=Pronostici!$S13,"X","2"))))
A14: =Partite!$A14 | B14: =Partite!$B14 | C14: =IF(Partite!$E14="","",Partite!$E14&" - "&Partite!$F14) | D14: =IF(Partite!$K14<>"Giocata","",IF(AND(Pronostici!$F14<>"",Pronostici!$G14<>"",Pronostici!$F14=Partite!$G14,Pronostici!$G14=Partite!$H14),Config!$D$6,IF(AND($J14<>"",$J14=Partite!$I14),Config!$D$7,Config!$D$8))) | E14: =IF(Partite!$K14<>"Giocata","",IF(AND(Pronostici!$I14<>"",Pronostici!$J14<>"",Pronostici!$I14=Partite!$G14,Pronostici!$J14=Partite!$H14),Config!$D$6,IF(AND($K14<>"",$K14=Partite!$I14),Config!$D$7,Config!$D$8))) | F14: =IF(Partite!$K14<>"Giocata","",IF(AND(Pronostici!$L14<>"",Pronostici!$M14<>"",Pronostici!$L14=Partite!$G14,Pronostici!$M14=Partite!$H14),Config!$D$6,IF(AND($L14<>"",$L14=Partite!$I14),Config!$D$7,Config!$D$8))) | G14: =IF(Partite!$K14<>"Giocata","",IF(AND(Pronostici!$O14<>"",Pronostici!$P14<>"",Pronostici!$O14=Partite!$G14,Pronostici!$P14=Partite!$H14),Config!$D$6,IF(AND($M14<>"",$M14=Partite!$I14),Config!$D$7,Config!$D$8))) | H14: =IF(Partite!$K14<>"Giocata","",IF(AND(Pronostici!$R14<>"",Pronostici!$S14<>"",Pronostici!$R14=Partite!$G14,Pronostici!$S14=Partite!$H14),Config!$D$6,IF(AND($N14<>"",$N14=Partite!$I14),Config!$D$7,Config!$D$8))) | J14: =IF(Pronostici!$E14<>"",UPPER(Pronostici!$E14),IF(OR(Pronostici!$F14="",Pronostici!$G14=""),"",IF(Pronostici!$F14>Pronostici!$G14,"1",IF(Pronostici!$F14=Pronostici!$G14,"X","2")))) | K14: =IF(Pronostici!$H14<>"",UPPER(Pronostici!$H14),IF(OR(Pronostici!$I14="",Pronostici!$J14=""),"",IF(Pronostici!$I14>Pronostici!$J14,"1",IF(Pronostici!$I14=Pronostici!$J14,"X","2")))) | L14: =IF(Pronostici!$K14<>"",UPPER(Pronostici!$K14),IF(OR(Pronostici!$L14="",Pronostici!$M14=""),"",IF(Pronostici!$L14>Pronostici!$M14,"1",IF(Pronostici!$L14=Pronostici!$M14,"X","2")))) | M14: =IF(Pronostici!$N14<>"",UPPER(Pronostici!$N14),IF(OR(Pronostici!$O14="",Pronostici!$P14=""),"",IF(Pronostici!$O14>Pronostici!$P14,"1",IF(Pronostici!$O14=Pronostici!$P14,"X","2")))) | N14: =IF(Pronostici!$Q14<>"",UPPER(Pronostici!$Q14),IF(OR(Pronostici!$R14="",Pronostici!$S14=""),"",IF(Pronostici!$R14>Pronostici!$S14,"1",IF(Pronostici!$R14=Pronostici!$S14,"X","2"))))
... A82: =Partite!$A82 | B82: =Partite!$B82 | C82: =IF(Partite!$E82="","",Partite!$E82&" - "&Partite!$F82) | D82: =IF(Partite!$K82<>"Giocata","",IF(AND(Pronostici!$F82<>"",Pronostici!$G82<>"",Pronostici!$F82=Partite!$G82,Pronostici!$G82=Partite!$H82),Config!$D$6,IF(AND($J82<>"",$J82=Partite!$I82),Config!$D$7,Config!$D$8))) | E82: =IF(Partite!$K82<>"Giocata","",IF(AND(Pronostici!$I82<>"",Pronostici!$J82<>"",Pronostici!$I82=Partite!$G82,Pronostici!$J82=Partite!$H82),Config!$D$6,IF(AND($K82<>"",$K82=Partite!$I82),Config!$D$7,Config!$D$8))) | F82: =IF(Partite!$K82<>"Giocata","",IF(AND(Pronostici!$L82<>"",Pronostici!$M82<>"",Pronostici!$L82=Partite!$G82,Pronostici!$M82=Partite!$H82),Config!$D$6,IF(AND($L82<>"",$L82=Partite!$I82),Config!$D$7,Config!$D$8))) | G82: =IF(Partite!$K82<>"Giocata","",IF(AND(Pronostici!$O82<>"",Pronostici!$P82<>"",Pronostici!$O82=Partite!$G82,Pronostici!$P82=Partite!$H82),Config!$D$6,IF(AND($M82<>"",$M82=Partite!$I82),Config!$D$7,Config!$D$8))) | H82: =IF(Partite!$K82<>"Giocata","",IF(AND(Pronostici!$R82<>"",Pronostici!$S82<>"",Pronostici!$R82=Partite!$G82,Pronostici!$S82=Partite!$H82),Config!$D$6,IF(AND($N82<>"",$N82=Partite!$I82),Config!$D$7,Config!$D$8))) | J82: =IF(Pronostici!$E82<>"",UPPER(Pronostici!$E82),IF(OR(Pronostici!$F82="",Pronostici!$G82=""),"",IF(Pronostici!$F82>Pronostici!$G82,"1",IF(Pronostici!$F82=Pronostici!$G82,"X","2")))) | K82: =IF(Pronostici!$H82<>"",UPPER(Pronostici!$H82),IF(OR(Pronostici!$I82="",Pronostici!$J82=""),"",IF(Pronostici!$I82>Pronostici!$J82,"1",IF(Pronostici!$I82=Pronostici!$J82,"X","2")))) | L82: =IF(Pronostici!$K82<>"",UPPER(Pronostici!$K82),IF(OR(Pronostici!$L82="",Pronostici!$M82=""),"",IF(Pronostici!$L82>Pronostici!$M82,"1",IF(Pronostici!$L82=Pronostici!$M82,"X","2")))) | M82: =IF(Pronostici!$N82<>"",UPPER(Pronostici!$N82),IF(OR(Pronostici!$O82="",Pronostici!$P82=""),"",IF(Pronostici!$O82>Pronostici!$P82,"1",IF(Pronostici!$O82=Pronostici!$P82,"X","2")))) | N82: =IF(Pronostici!$Q82<>"",UPPER(Pronostici!$Q82),IF(OR(Pronostici!$R82="",Pronostici!$S82=""),"",IF(Pronostici!$R82>Pronostici!$S82,"1",IF(Pronostici!$R82=Pronostici!$S82,"X","2"))))

Sheet Config
A1: TROFEO OVALMO - REGOLE E CONFIGURAZIONE
A4: GIOCATORI | C4: PUNTEGGIO
A5: Cambia un nome qui: si aggiorna in tutti i fogli. | C5: Caso | D5: Punti
A6: Berta | C6: Risultato esatto (segno + gol) | D6: 3
A7: Super Gulp | C7: Solo segno 1X2 corretto | D7: 1
A8: Lenzuolo | C8: Sbagliato o pronostico mancante | D8: 0
A9: Just Lele | C9: Il risultato esatto non si somma al segno. Non c'e' nient'altro: i punti non si moltiplicano mai.
A10: Lippi
C13: PARAMETRI
C14: Stagione | D14: Serie A 2026/27
C15: Prima giornata in gioco | D15: 2
C16: Partite per giornata | D16: 10
A20: REGOLE DI GIOCO
A21: 1. Pronostici entro il primo fischio della giornata: dopo non valgono piu'.
A22: 2. Chi non manda i pronostici prende 0 su quella giornata, che conta comunque.
A23: 3. Si puo' dare solo il segno 1/X/2: vale 1 punto se corretto, senza bonus risultato.
A24: 4. Parita' in classifica generale: passa avanti chi ha piu' risultati esatti.
A25: 5. Re della giornata = chi fa piu' punti in quella giornata (solo giornate complete).
A28: COSA SI COMPILA A MANO
A29: Le celle gialle | C29: sono le uniche da toccare. Tutto il resto e' formula.
A30: Foglio Partite | C30: Gol Casa e Gol Ospite: il risultato vero della partita.
A31: Foglio Pronostici | C31: per ogni giocatore: Segno, Gol C, Gol O.
A32: Segno o punteggio? | C32: basta uno dei due: se metti i gol, il segno lo deduce da solo.
A33: Classifica e Punti | C33: si aggiornano da soli, non scriverci dentro.
A36: ESEMPIO - Milan-Venezia finisce 2-1
A37: Giocatore | B37: Segno | C37: Gol C | D37: Gol O | E37: Punti | F37: Perche'
A38: Berta | B38: 1 | C38: 2 | D38: 1 | E38: 3 | F38: risultato esatto: sul sito la casella e' argento
A39: Super Gulp | B39: 1 | C39: 3 | D39: 0 | E39: 1 | F39: solo il segno: casella bronzo
A40: Lenzuolo | B40: 1 | E40: 1 | F40: solo il segno, senza punteggio: bronzo anche lui
A41: Just Lele | B41: X | C41: 1 | D41: 1 | E41: 0 | F41: segno sbagliato
A42: Lippi | E42: 0 | F42: non ha mandato nulla
A43: I colori delle caselle sul sito non cambiano i punti. Qui Berta e' argento e non oro perche' altri due erano sull'1: l'oro va a chi prende il risultato esatto quando nessun altro aveva nemmeno azzeccato il segno.
A45: Il file si allunga da solo: quando esce il calendario di una nuova giornata viene aggiunto in Partite e le righe di Pronostici e Punti compaiono con lui.
A46: Calendario e risultati: football-data.org, riletti a ogni aggiornamento automatico.
